genome	gene	contig	start	end	type	desc	transcript	codon
AgambiaePEST	AGAP004707	AgamP4_2L	2422651	2422652	neural	Vgsc-L995F	AGAP004707-RD	995
AgambiaePEST	AGAP004707	AgamP4_2L	2422650	2422651	neural	Vgsc-L995S	AGAP004707-RD	995
AgambiaePEST	AGAP004707	AgamP4_2L	2391227	2391228	neural	Vgsc-V402L	AGAP004707-RD	402
AgambiaePEST	AGAP006048	AgamP4_2L			p450	cyp4j5		random1
AgambiaePEST	AGAP006028	AgamP4_2L	25429234	25429235	neural	Rdl	AGAP006028-RA	296
AgambiaePEST	AGAP006028	AgamP4_2L	25429235	25429236	neural	Rdl	AGAP006028-RA	296
AgambiaePEST	AGAP006227	AgamP4_2L			coe	Coeae1f-E477D	AGAP006227-RA	477
AgambiaePEST	AGAP006228	AgamP4_2L			coe	Coeae2f		random2
AgambiaePEST	AGAP001356	AgamP4_2R	3492073	3492074	neural	Ace1-G280S	AGAP001356.R546	280
AgambiaePEST	AGAP008212	AgamP4_3R			p450	cyp6m2		random3
AgambiaePEST	AGAP002894	AgamP4_3R			p450	cyp6z4		random1
AgambiaePEST	AGAP002865	AgamP4_2R	28492878	28492879	p450	cyp6p3-I88T	AGAP002865-RA	88
AgambiaePEST	AGAP002867	AgamP4_2R	28497966	28497967	p450	cyp6p4-I236M	AGAP002867-RA	236
AgambiaePEST	AGAP002865	AgamP4_2R	28492526	28492527	p450	cyp6p3-E205D	AGAP002865-RA	205
AgambiaePEST	AGAP009194	AgamP4_3R	28598165	28598166	gste	gste2-I114T	AGAP009194-RA	114
AgambiaePEST	AGAP009194	AgamP4_3R	28598061	28598062	gste	gste2-L119V	AGAP009194-RA	119
AgambiaePEST	AGAP009194	AgamP4_3R	28598056	28598057	gste	gste2-F120L	AGAP009194-RA	120
AgambiaePEST	AGAP000818	AgamP4_X	15242044	15242044	p450	cyp9k1-224I	AGAP000818-RA	224
